Content ID,Title,Track,Source,Reviewer,Review Status,Review Date,Comments,Approval State
B1-KU-001,NOT_SUPPLIED,NOT_SUPPLIED,NOT_SUPPLIED,UNASSIGNED,pending-intake,,Structure-only review-queue placeholder; no source or medical content loaded.,NOT_APPROVED
B1-KU-002,NOT_SUPPLIED,NOT_SUPPLIED,NOT_SUPPLIED,UNASSIGNED,pending-intake,,Structure-only review-queue placeholder; no source or medical content loaded.,NOT_APPROVED
B1-KU-003,NOT_SUPPLIED,NOT_SUPPLIED,NOT_SUPPLIED,UNASSIGNED,pending-intake,,Structure-only review-queue placeholder; no source or medical content loaded.,NOT_APPROVED
B1-KU-004,NOT_SUPPLIED,NOT_SUPPLIED,NOT_SUPPLIED,UNASSIGNED,pending-intake,,Structure-only review-queue placeholder; no source or medical content loaded.,NOT_APPROVED
B1-KU-005,NOT_SUPPLIED,NOT_SUPPLIED,NOT_SUPPLIED,UNASSIGNED,pending-intake,,Structure-only review-queue placeholder; no source or medical content loaded.,NOT_APPROVED
B1-KU-006,NOT_SUPPLIED,NOT_SUPPLIED,NOT_SUPPLIED,UNASSIGNED,pending-intake,,Structure-only review-queue placeholder; no source or medical content loaded.,NOT_APPROVED
B1-KU-007,NOT_SUPPLIED,NOT_SUPPLIED,NOT_SUPPLIED,UNASSIGNED,pending-intake,,Structure-only review-queue placeholder; no source or medical content loaded.,NOT_APPROVED
B1-KU-008,NOT_SUPPLIED,NOT_SUPPLIED,NOT_SUPPLIED,UNASSIGNED,pending-intake,,Structure-only review-queue placeholder; no source or medical content loaded.,NOT_APPROVED
B1-KU-009,NOT_SUPPLIED,NOT_SUPPLIED,NOT_SUPPLIED,UNASSIGNED,pending-intake,,Structure-only review-queue placeholder; no source or medical content loaded.,NOT_APPROVED
B1-KU-010,NOT_SUPPLIED,NOT_SUPPLIED,NOT_SUPPLIED,UNASSIGNED,pending-intake,,Structure-only review-queue placeholder; no source or medical content loaded.,NOT_APPROVED
B1-KU-011,NOT_SUPPLIED,NOT_SUPPLIED,NOT_SUPPLIED,UNASSIGNED,pending-intake,,Structure-only review-queue placeholder; no source or medical content loaded.,NOT_APPROVED
B1-KU-012,NOT_SUPPLIED,NOT_SUPPLIED,NOT_SUPPLIED,UNASSIGNED,pending-intake,,Structure-only review-queue placeholder; no source or medical content loaded.,NOT_APPROVED
B1-KU-013,NOT_SUPPLIED,NOT_SUPPLIED,NOT_SUPPLIED,UNASSIGNED,pending-intake,,Structure-only review-queue placeholder; no source or medical content loaded.,NOT_APPROVED
B1-KU-014,NOT_SUPPLIED,NOT_SUPPLIED,NOT_SUPPLIED,UNASSIGNED,pending-intake,,Structure-only review-queue placeholder; no source or medical content loaded.,NOT_APPROVED
B1-KU-015,NOT_SUPPLIED,NOT_SUPPLIED,NOT_SUPPLIED,UNASSIGNED,pending-intake,,Structure-only review-queue placeholder; no source or medical content loaded.,NOT_APPROVED
B1-KU-016,NOT_SUPPLIED,NOT_SUPPLIED,NOT_SUPPLIED,UNASSIGNED,pending-intake,,Structure-only review-queue placeholder; no source or medical content loaded.,NOT_APPROVED
B1-KU-017,NOT_SUPPLIED,NOT_SUPPLIED,NOT_SUPPLIED,UNASSIGNED,pending-intake,,Structure-only review-queue placeholder; no source or medical content loaded.,NOT_APPROVED
B1-KU-018,NOT_SUPPLIED,NOT_SUPPLIED,NOT_SUPPLIED,UNASSIGNED,pending-intake,,Structure-only review-queue placeholder; no source or medical content loaded.,NOT_APPROVED
B1-KU-019,NOT_SUPPLIED,NOT_SUPPLIED,NOT_SUPPLIED,UNASSIGNED,pending-intake,,Structure-only review-queue placeholder; no source or medical content loaded.,NOT_APPROVED
B1-KU-020,NOT_SUPPLIED,NOT_SUPPLIED,NOT_SUPPLIED,UNASSIGNED,pending-intake,,Structure-only review-queue placeholder; no source or medical content loaded.,NOT_APPROVED
B1-KU-021,NOT_SUPPLIED,NOT_SUPPLIED,NOT_SUPPLIED,UNASSIGNED,pending-intake,,Structure-only review-queue placeholder; no source or medical content loaded.,NOT_APPROVED
B1-KU-022,NOT_SUPPLIED,NOT_SUPPLIED,NOT_SUPPLIED,UNASSIGNED,pending-intake,,Structure-only review-queue placeholder; no source or medical content loaded.,NOT_APPROVED
B1-KU-023,NOT_SUPPLIED,NOT_SUPPLIED,NOT_SUPPLIED,UNASSIGNED,pending-intake,,Structure-only review-queue placeholder; no source or medical content loaded.,NOT_APPROVED
B1-KU-024,NOT_SUPPLIED,NOT_SUPPLIED,NOT_SUPPLIED,UNASSIGNED,pending-intake,,Structure-only review-queue placeholder; no source or medical content loaded.,NOT_APPROVED
B1-KU-025,NOT_SUPPLIED,NOT_SUPPLIED,NOT_SUPPLIED,UNASSIGNED,pending-intake,,Structure-only review-queue placeholder; no source or medical content loaded.,NOT_APPROVED
B1-KU-026,NOT_SUPPLIED,NOT_SUPPLIED,NOT_SUPPLIED,UNASSIGNED,pending-intake,,Structure-only review-queue placeholder; no source or medical content loaded.,NOT_APPROVED
B1-KU-027,NOT_SUPPLIED,NOT_SUPPLIED,NOT_SUPPLIED,UNASSIGNED,pending-intake,,Structure-only review-queue placeholder; no source or medical content loaded.,NOT_APPROVED
B1-KU-028,NOT_SUPPLIED,NOT_SUPPLIED,NOT_SUPPLIED,UNASSIGNED,pending-intake,,Structure-only review-queue placeholder; no source or medical content loaded.,NOT_APPROVED
B1-KU-029,NOT_SUPPLIED,NOT_SUPPLIED,NOT_SUPPLIED,UNASSIGNED,pending-intake,,Structure-only review-queue placeholder; no source or medical content loaded.,NOT_APPROVED
B1-KU-030,NOT_SUPPLIED,NOT_SUPPLIED,NOT_SUPPLIED,UNASSIGNED,pending-intake,,Structure-only review-queue placeholder; no source or medical content loaded.,NOT_APPROVED
B1-KU-031,NOT_SUPPLIED,NOT_SUPPLIED,NOT_SUPPLIED,UNASSIGNED,pending-intake,,Structure-only review-queue placeholder; no source or medical content loaded.,NOT_APPROVED
B1-KU-032,NOT_SUPPLIED,NOT_SUPPLIED,NOT_SUPPLIED,UNASSIGNED,pending-intake,,Structure-only review-queue placeholder; no source or medical content loaded.,NOT_APPROVED
B1-KU-033,NOT_SUPPLIED,NOT_SUPPLIED,NOT_SUPPLIED,UNASSIGNED,pending-intake,,Structure-only review-queue placeholder; no source or medical content loaded.,NOT_APPROVED
B1-KU-034,NOT_SUPPLIED,NOT_SUPPLIED,NOT_SUPPLIED,UNASSIGNED,pending-intake,,Structure-only review-queue placeholder; no source or medical content loaded.,NOT_APPROVED
B1-KU-035,NOT_SUPPLIED,NOT_SUPPLIED,NOT_SUPPLIED,UNASSIGNED,pending-intake,,Structure-only review-queue placeholder; no source or medical content loaded.,NOT_APPROVED
B1-KU-036,NOT_SUPPLIED,NOT_SUPPLIED,NOT_SUPPLIED,UNASSIGNED,pending-intake,,Structure-only review-queue placeholder; no source or medical content loaded.,NOT_APPROVED
B1-KU-037,NOT_SUPPLIED,NOT_SUPPLIED,NOT_SUPPLIED,UNASSIGNED,pending-intake,,Structure-only review-queue placeholder; no source or medical content loaded.,NOT_APPROVED
B1-KU-038,NOT_SUPPLIED,NOT_SUPPLIED,NOT_SUPPLIED,UNASSIGNED,pending-intake,,Structure-only review-queue placeholder; no source or medical content loaded.,NOT_APPROVED
B1-KU-039,NOT_SUPPLIED,NOT_SUPPLIED,NOT_SUPPLIED,UNASSIGNED,pending-intake,,Structure-only review-queue placeholder; no source or medical content loaded.,NOT_APPROVED
B1-KU-040,NOT_SUPPLIED,NOT_SUPPLIED,NOT_SUPPLIED,UNASSIGNED,pending-intake,,Structure-only review-queue placeholder; no source or medical content loaded.,NOT_APPROVED
B1-KU-041,NOT_SUPPLIED,NOT_SUPPLIED,NOT_SUPPLIED,UNASSIGNED,pending-intake,,Structure-only review-queue placeholder; no source or medical content loaded.,NOT_APPROVED
B1-KU-042,NOT_SUPPLIED,NOT_SUPPLIED,NOT_SUPPLIED,UNASSIGNED,pending-intake,,Structure-only review-queue placeholder; no source or medical content loaded.,NOT_APPROVED
B1-KU-043,NOT_SUPPLIED,NOT_SUPPLIED,NOT_SUPPLIED,UNASSIGNED,pending-intake,,Structure-only review-queue placeholder; no source or medical content loaded.,NOT_APPROVED
B1-KU-044,NOT_SUPPLIED,NOT_SUPPLIED,NOT_SUPPLIED,UNASSIGNED,pending-intake,,Structure-only review-queue placeholder; no source or medical content loaded.,NOT_APPROVED
B1-KU-045,NOT_SUPPLIED,NOT_SUPPLIED,NOT_SUPPLIED,UNASSIGNED,pending-intake,,Structure-only review-queue placeholder; no source or medical content loaded.,NOT_APPROVED
B1-KU-046,NOT_SUPPLIED,NOT_SUPPLIED,NOT_SUPPLIED,UNASSIGNED,pending-intake,,Structure-only review-queue placeholder; no source or medical content loaded.,NOT_APPROVED
B1-KU-047,NOT_SUPPLIED,NOT_SUPPLIED,NOT_SUPPLIED,UNASSIGNED,pending-intake,,Structure-only review-queue placeholder; no source or medical content loaded.,NOT_APPROVED
B1-KU-048,NOT_SUPPLIED,NOT_SUPPLIED,NOT_SUPPLIED,UNASSIGNED,pending-intake,,Structure-only review-queue placeholder; no source or medical content loaded.,NOT_APPROVED
B1-KU-049,NOT_SUPPLIED,NOT_SUPPLIED,NOT_SUPPLIED,UNASSIGNED,pending-intake,,Structure-only review-queue placeholder; no source or medical content loaded.,NOT_APPROVED
B1-KU-050,NOT_SUPPLIED,NOT_SUPPLIED,NOT_SUPPLIED,UNASSIGNED,pending-intake,,Structure-only review-queue placeholder; no source or medical content loaded.,NOT_APPROVED
B1-KU-051,NOT_SUPPLIED,NOT_SUPPLIED,NOT_SUPPLIED,UNASSIGNED,pending-intake,,Structure-only review-queue placeholder; no source or medical content loaded.,NOT_APPROVED
B1-KU-052,NOT_SUPPLIED,NOT_SUPPLIED,NOT_SUPPLIED,UNASSIGNED,pending-intake,,Structure-only review-queue placeholder; no source or medical content loaded.,NOT_APPROVED
B1-KU-053,NOT_SUPPLIED,NOT_SUPPLIED,NOT_SUPPLIED,UNASSIGNED,pending-intake,,Structure-only review-queue placeholder; no source or medical content loaded.,NOT_APPROVED
B1-KU-054,NOT_SUPPLIED,NOT_SUPPLIED,NOT_SUPPLIED,UNASSIGNED,pending-intake,,Structure-only review-queue placeholder; no source or medical content loaded.,NOT_APPROVED
B1-KU-055,NOT_SUPPLIED,NOT_SUPPLIED,NOT_SUPPLIED,UNASSIGNED,pending-intake,,Structure-only review-queue placeholder; no source or medical content loaded.,NOT_APPROVED
B1-KU-056,NOT_SUPPLIED,NOT_SUPPLIED,NOT_SUPPLIED,UNASSIGNED,pending-intake,,Structure-only review-queue placeholder; no source or medical content loaded.,NOT_APPROVED
B1-KU-057,NOT_SUPPLIED,NOT_SUPPLIED,NOT_SUPPLIED,UNASSIGNED,pending-intake,,Structure-only review-queue placeholder; no source or medical content loaded.,NOT_APPROVED
B1-KU-058,NOT_SUPPLIED,NOT_SUPPLIED,NOT_SUPPLIED,UNASSIGNED,pending-intake,,Structure-only review-queue placeholder; no source or medical content loaded.,NOT_APPROVED
B1-KU-059,NOT_SUPPLIED,NOT_SUPPLIED,NOT_SUPPLIED,UNASSIGNED,pending-intake,,Structure-only review-queue placeholder; no source or medical content loaded.,NOT_APPROVED
B1-KU-060,NOT_SUPPLIED,NOT_SUPPLIED,NOT_SUPPLIED,UNASSIGNED,pending-intake,,Structure-only review-queue placeholder; no source or medical content loaded.,NOT_APPROVED
B1-KU-061,NOT_SUPPLIED,NOT_SUPPLIED,NOT_SUPPLIED,UNASSIGNED,pending-intake,,Structure-only review-queue placeholder; no source or medical content loaded.,NOT_APPROVED
B1-KU-062,NOT_SUPPLIED,NOT_SUPPLIED,NOT_SUPPLIED,UNASSIGNED,pending-intake,,Structure-only review-queue placeholder; no source or medical content loaded.,NOT_APPROVED
B1-KU-063,NOT_SUPPLIED,NOT_SUPPLIED,NOT_SUPPLIED,UNASSIGNED,pending-intake,,Structure-only review-queue placeholder; no source or medical content loaded.,NOT_APPROVED
B1-KU-064,NOT_SUPPLIED,NOT_SUPPLIED,NOT_SUPPLIED,UNASSIGNED,pending-intake,,Structure-only review-queue placeholder; no source or medical content loaded.,NOT_APPROVED
B1-KU-065,NOT_SUPPLIED,NOT_SUPPLIED,NOT_SUPPLIED,UNASSIGNED,pending-intake,,Structure-only review-queue placeholder; no source or medical content loaded.,NOT_APPROVED
B1-KU-066,NOT_SUPPLIED,NOT_SUPPLIED,NOT_SUPPLIED,UNASSIGNED,pending-intake,,Structure-only review-queue placeholder; no source or medical content loaded.,NOT_APPROVED
B1-KU-067,NOT_SUPPLIED,NOT_SUPPLIED,NOT_SUPPLIED,UNASSIGNED,pending-intake,,Structure-only review-queue placeholder; no source or medical content loaded.,NOT_APPROVED
B1-KU-068,NOT_SUPPLIED,NOT_SUPPLIED,NOT_SUPPLIED,UNASSIGNED,pending-intake,,Structure-only review-queue placeholder; no source or medical content loaded.,NOT_APPROVED
B1-KU-069,NOT_SUPPLIED,NOT_SUPPLIED,NOT_SUPPLIED,UNASSIGNED,pending-intake,,Structure-only review-queue placeholder; no source or medical content loaded.,NOT_APPROVED
B1-KU-070,NOT_SUPPLIED,NOT_SUPPLIED,NOT_SUPPLIED,UNASSIGNED,pending-intake,,Structure-only review-queue placeholder; no source or medical content loaded.,NOT_APPROVED
B1-KU-071,NOT_SUPPLIED,NOT_SUPPLIED,NOT_SUPPLIED,UNASSIGNED,pending-intake,,Structure-only review-queue placeholder; no source or medical content loaded.,NOT_APPROVED
B1-KU-072,NOT_SUPPLIED,NOT_SUPPLIED,NOT_SUPPLIED,UNASSIGNED,pending-intake,,Structure-only review-queue placeholder; no source or medical content loaded.,NOT_APPROVED
B1-KU-073,NOT_SUPPLIED,NOT_SUPPLIED,NOT_SUPPLIED,UNASSIGNED,pending-intake,,Structure-only review-queue placeholder; no source or medical content loaded.,NOT_APPROVED
B1-KU-074,NOT_SUPPLIED,NOT_SUPPLIED,NOT_SUPPLIED,UNASSIGNED,pending-intake,,Structure-only review-queue placeholder; no source or medical content loaded.,NOT_APPROVED
B1-KU-075,NOT_SUPPLIED,NOT_SUPPLIED,NOT_SUPPLIED,UNASSIGNED,pending-intake,,Structure-only review-queue placeholder; no source or medical content loaded.,NOT_APPROVED
B1-KU-076,NOT_SUPPLIED,NOT_SUPPLIED,NOT_SUPPLIED,UNASSIGNED,pending-intake,,Structure-only review-queue placeholder; no source or medical content loaded.,NOT_APPROVED
B1-KU-077,NOT_SUPPLIED,NOT_SUPPLIED,NOT_SUPPLIED,UNASSIGNED,pending-intake,,Structure-only review-queue placeholder; no source or medical content loaded.,NOT_APPROVED
B1-KU-078,NOT_SUPPLIED,NOT_SUPPLIED,NOT_SUPPLIED,UNASSIGNED,pending-intake,,Structure-only review-queue placeholder; no source or medical content loaded.,NOT_APPROVED
B1-KU-079,NOT_SUPPLIED,NOT_SUPPLIED,NOT_SUPPLIED,UNASSIGNED,pending-intake,,Structure-only review-queue placeholder; no source or medical content loaded.,NOT_APPROVED
B1-KU-080,NOT_SUPPLIED,NOT_SUPPLIED,NOT_SUPPLIED,UNASSIGNED,pending-intake,,Structure-only review-queue placeholder; no source or medical content loaded.,NOT_APPROVED
B1-KU-081,NOT_SUPPLIED,NOT_SUPPLIED,NOT_SUPPLIED,UNASSIGNED,pending-intake,,Structure-only review-queue placeholder; no source or medical content loaded.,NOT_APPROVED
B1-KU-082,NOT_SUPPLIED,NOT_SUPPLIED,NOT_SUPPLIED,UNASSIGNED,pending-intake,,Structure-only review-queue placeholder; no source or medical content loaded.,NOT_APPROVED
B1-KU-083,NOT_SUPPLIED,NOT_SUPPLIED,NOT_SUPPLIED,UNASSIGNED,pending-intake,,Structure-only review-queue placeholder; no source or medical content loaded.,NOT_APPROVED
B1-KU-084,NOT_SUPPLIED,NOT_SUPPLIED,NOT_SUPPLIED,UNASSIGNED,pending-intake,,Structure-only review-queue placeholder; no source or medical content loaded.,NOT_APPROVED
B1-KU-085,NOT_SUPPLIED,NOT_SUPPLIED,NOT_SUPPLIED,UNASSIGNED,pending-intake,,Structure-only review-queue placeholder; no source or medical content loaded.,NOT_APPROVED
B1-KU-086,NOT_SUPPLIED,NOT_SUPPLIED,NOT_SUPPLIED,UNASSIGNED,pending-intake,,Structure-only review-queue placeholder; no source or medical content loaded.,NOT_APPROVED
B1-KU-087,NOT_SUPPLIED,NOT_SUPPLIED,NOT_SUPPLIED,UNASSIGNED,pending-intake,,Structure-only review-queue placeholder; no source or medical content loaded.,NOT_APPROVED
B1-KU-088,NOT_SUPPLIED,NOT_SUPPLIED,NOT_SUPPLIED,UNASSIGNED,pending-intake,,Structure-only review-queue placeholder; no source or medical content loaded.,NOT_APPROVED
B1-KU-089,NOT_SUPPLIED,NOT_SUPPLIED,NOT_SUPPLIED,UNASSIGNED,pending-intake,,Structure-only review-queue placeholder; no source or medical content loaded.,NOT_APPROVED
B1-KU-090,NOT_SUPPLIED,NOT_SUPPLIED,NOT_SUPPLIED,UNASSIGNED,pending-intake,,Structure-only review-queue placeholder; no source or medical content loaded.,NOT_APPROVED
B1-KU-091,NOT_SUPPLIED,NOT_SUPPLIED,NOT_SUPPLIED,UNASSIGNED,pending-intake,,Structure-only review-queue placeholder; no source or medical content loaded.,NOT_APPROVED
B1-KU-092,NOT_SUPPLIED,NOT_SUPPLIED,NOT_SUPPLIED,UNASSIGNED,pending-intake,,Structure-only review-queue placeholder; no source or medical content loaded.,NOT_APPROVED
B1-KU-093,NOT_SUPPLIED,NOT_SUPPLIED,NOT_SUPPLIED,UNASSIGNED,pending-intake,,Structure-only review-queue placeholder; no source or medical content loaded.,NOT_APPROVED
B1-KU-094,NOT_SUPPLIED,NOT_SUPPLIED,NOT_SUPPLIED,UNASSIGNED,pending-intake,,Structure-only review-queue placeholder; no source or medical content loaded.,NOT_APPROVED
B1-KU-095,NOT_SUPPLIED,NOT_SUPPLIED,NOT_SUPPLIED,UNASSIGNED,pending-intake,,Structure-only review-queue placeholder; no source or medical content loaded.,NOT_APPROVED
B1-KU-096,NOT_SUPPLIED,NOT_SUPPLIED,NOT_SUPPLIED,UNASSIGNED,pending-intake,,Structure-only review-queue placeholder; no source or medical content loaded.,NOT_APPROVED
B1-KU-097,NOT_SUPPLIED,NOT_SUPPLIED,NOT_SUPPLIED,UNASSIGNED,pending-intake,,Structure-only review-queue placeholder; no source or medical content loaded.,NOT_APPROVED
B1-KU-098,NOT_SUPPLIED,NOT_SUPPLIED,NOT_SUPPLIED,UNASSIGNED,pending-intake,,Structure-only review-queue placeholder; no source or medical content loaded.,NOT_APPROVED
B1-KU-099,NOT_SUPPLIED,NOT_SUPPLIED,NOT_SUPPLIED,UNASSIGNED,pending-intake,,Structure-only review-queue placeholder; no source or medical content loaded.,NOT_APPROVED
B1-KU-100,NOT_SUPPLIED,NOT_SUPPLIED,NOT_SUPPLIED,UNASSIGNED,pending-intake,,Structure-only review-queue placeholder; no source or medical content loaded.,NOT_APPROVED
B1-KU-101,NOT_SUPPLIED,NOT_SUPPLIED,NOT_SUPPLIED,UNASSIGNED,pending-intake,,Structure-only review-queue placeholder; no source or medical content loaded.,NOT_APPROVED
B1-KU-102,NOT_SUPPLIED,NOT_SUPPLIED,NOT_SUPPLIED,UNASSIGNED,pending-intake,,Structure-only review-queue placeholder; no source or medical content loaded.,NOT_APPROVED
B1-KU-103,NOT_SUPPLIED,NOT_SUPPLIED,NOT_SUPPLIED,UNASSIGNED,pending-intake,,Structure-only review-queue placeholder; no source or medical content loaded.,NOT_APPROVED
B1-KU-104,NOT_SUPPLIED,NOT_SUPPLIED,NOT_SUPPLIED,UNASSIGNED,pending-intake,,Structure-only review-queue placeholder; no source or medical content loaded.,NOT_APPROVED
B1-KU-105,NOT_SUPPLIED,NOT_SUPPLIED,NOT_SUPPLIED,UNASSIGNED,pending-intake,,Structure-only review-queue placeholder; no source or medical content loaded.,NOT_APPROVED
B1-KU-106,NOT_SUPPLIED,NOT_SUPPLIED,NOT_SUPPLIED,UNASSIGNED,pending-intake,,Structure-only review-queue placeholder; no source or medical content loaded.,NOT_APPROVED
B1-KU-107,NOT_SUPPLIED,NOT_SUPPLIED,NOT_SUPPLIED,UNASSIGNED,pending-intake,,Structure-only review-queue placeholder; no source or medical content loaded.,NOT_APPROVED
B1-KU-108,NOT_SUPPLIED,NOT_SUPPLIED,NOT_SUPPLIED,UNASSIGNED,pending-intake,,Structure-only review-queue placeholder; no source or medical content loaded.,NOT_APPROVED
B1-KU-109,NOT_SUPPLIED,NOT_SUPPLIED,NOT_SUPPLIED,UNASSIGNED,pending-intake,,Structure-only review-queue placeholder; no source or medical content loaded.,NOT_APPROVED
B1-KU-110,NOT_SUPPLIED,NOT_SUPPLIED,NOT_SUPPLIED,UNASSIGNED,pending-intake,,Structure-only review-queue placeholder; no source or medical content loaded.,NOT_APPROVED
B1-KU-111,NOT_SUPPLIED,NOT_SUPPLIED,NOT_SUPPLIED,UNASSIGNED,pending-intake,,Structure-only review-queue placeholder; no source or medical content loaded.,NOT_APPROVED
B1-KU-112,NOT_SUPPLIED,NOT_SUPPLIED,NOT_SUPPLIED,UNASSIGNED,pending-intake,,Structure-only review-queue placeholder; no source or medical content loaded.,NOT_APPROVED
B1-KU-113,NOT_SUPPLIED,NOT_SUPPLIED,NOT_SUPPLIED,UNASSIGNED,pending-intake,,Structure-only review-queue placeholder; no source or medical content loaded.,NOT_APPROVED
B1-KU-114,NOT_SUPPLIED,NOT_SUPPLIED,NOT_SUPPLIED,UNASSIGNED,pending-intake,,Structure-only review-queue placeholder; no source or medical content loaded.,NOT_APPROVED
B1-KU-115,NOT_SUPPLIED,NOT_SUPPLIED,NOT_SUPPLIED,UNASSIGNED,pending-intake,,Structure-only review-queue placeholder; no source or medical content loaded.,NOT_APPROVED
B1-KU-116,NOT_SUPPLIED,NOT_SUPPLIED,NOT_SUPPLIED,UNASSIGNED,pending-intake,,Structure-only review-queue placeholder; no source or medical content loaded.,NOT_APPROVED
B1-KU-117,NOT_SUPPLIED,NOT_SUPPLIED,NOT_SUPPLIED,UNASSIGNED,pending-intake,,Structure-only review-queue placeholder; no source or medical content loaded.,NOT_APPROVED
B1-KU-118,NOT_SUPPLIED,NOT_SUPPLIED,NOT_SUPPLIED,UNASSIGNED,pending-intake,,Structure-only review-queue placeholder; no source or medical content loaded.,NOT_APPROVED
B1-KU-119,NOT_SUPPLIED,NOT_SUPPLIED,NOT_SUPPLIED,UNASSIGNED,pending-intake,,Structure-only review-queue placeholder; no source or medical content loaded.,NOT_APPROVED
B1-KU-120,NOT_SUPPLIED,NOT_SUPPLIED,NOT_SUPPLIED,UNASSIGNED,pending-intake,,Structure-only review-queue placeholder; no source or medical content loaded.,NOT_APPROVED
B1-KU-121,NOT_SUPPLIED,NOT_SUPPLIED,NOT_SUPPLIED,UNASSIGNED,pending-intake,,Structure-only review-queue placeholder; no source or medical content loaded.,NOT_APPROVED
B1-KU-122,NOT_SUPPLIED,NOT_SUPPLIED,NOT_SUPPLIED,UNASSIGNED,pending-intake,,Structure-only review-queue placeholder; no source or medical content loaded.,NOT_APPROVED
B1-KU-123,NOT_SUPPLIED,NOT_SUPPLIED,NOT_SUPPLIED,UNASSIGNED,pending-intake,,Structure-only review-queue placeholder; no source or medical content loaded.,NOT_APPROVED
B1-KU-124,NOT_SUPPLIED,NOT_SUPPLIED,NOT_SUPPLIED,UNASSIGNED,pending-intake,,Structure-only review-queue placeholder; no source or medical content loaded.,NOT_APPROVED
B1-KU-125,NOT_SUPPLIED,NOT_SUPPLIED,NOT_SUPPLIED,UNASSIGNED,pending-intake,,Structure-only review-queue placeholder; no source or medical content loaded.,NOT_APPROVED
B1-KU-126,NOT_SUPPLIED,NOT_SUPPLIED,NOT_SUPPLIED,UNASSIGNED,pending-intake,,Structure-only review-queue placeholder; no source or medical content loaded.,NOT_APPROVED
B1-KU-127,NOT_SUPPLIED,NOT_SUPPLIED,NOT_SUPPLIED,UNASSIGNED,pending-intake,,Structure-only review-queue placeholder; no source or medical content loaded.,NOT_APPROVED
B1-KU-128,NOT_SUPPLIED,NOT_SUPPLIED,NOT_SUPPLIED,UNASSIGNED,pending-intake,,Structure-only review-queue placeholder; no source or medical content loaded.,NOT_APPROVED
B1-KU-129,NOT_SUPPLIED,NOT_SUPPLIED,NOT_SUPPLIED,UNASSIGNED,pending-intake,,Structure-only review-queue placeholder; no source or medical content loaded.,NOT_APPROVED
B1-KU-130,NOT_SUPPLIED,NOT_SUPPLIED,NOT_SUPPLIED,UNASSIGNED,pending-intake,,Structure-only review-queue placeholder; no source or medical content loaded.,NOT_APPROVED
B1-KU-131,NOT_SUPPLIED,NOT_SUPPLIED,NOT_SUPPLIED,UNASSIGNED,pending-intake,,Structure-only review-queue placeholder; no source or medical content loaded.,NOT_APPROVED
B1-KU-132,NOT_SUPPLIED,NOT_SUPPLIED,NOT_SUPPLIED,UNASSIGNED,pending-intake,,Structure-only review-queue placeholder; no source or medical content loaded.,NOT_APPROVED
B1-KU-133,NOT_SUPPLIED,NOT_SUPPLIED,NOT_SUPPLIED,UNASSIGNED,pending-intake,,Structure-only review-queue placeholder; no source or medical content loaded.,NOT_APPROVED
B1-KU-134,NOT_SUPPLIED,NOT_SUPPLIED,NOT_SUPPLIED,UNASSIGNED,pending-intake,,Structure-only review-queue placeholder; no source or medical content loaded.,NOT_APPROVED
B1-KU-135,NOT_SUPPLIED,NOT_SUPPLIED,NOT_SUPPLIED,UNASSIGNED,pending-intake,,Structure-only review-queue placeholder; no source or medical content loaded.,NOT_APPROVED
B1-KU-136,NOT_SUPPLIED,NOT_SUPPLIED,NOT_SUPPLIED,UNASSIGNED,pending-intake,,Structure-only review-queue placeholder; no source or medical content loaded.,NOT_APPROVED
B1-KU-137,NOT_SUPPLIED,NOT_SUPPLIED,NOT_SUPPLIED,UNASSIGNED,pending-intake,,Structure-only review-queue placeholder; no source or medical content loaded.,NOT_APPROVED
B1-KU-138,NOT_SUPPLIED,NOT_SUPPLIED,NOT_SUPPLIED,UNASSIGNED,pending-intake,,Structure-only review-queue placeholder; no source or medical content loaded.,NOT_APPROVED
B1-KU-139,NOT_SUPPLIED,NOT_SUPPLIED,NOT_SUPPLIED,UNASSIGNED,pending-intake,,Structure-only review-queue placeholder; no source or medical content loaded.,NOT_APPROVED
B1-KU-140,NOT_SUPPLIED,NOT_SUPPLIED,NOT_SUPPLIED,UNASSIGNED,pending-intake,,Structure-only review-queue placeholder; no source or medical content loaded.,NOT_APPROVED
B1-KU-141,NOT_SUPPLIED,NOT_SUPPLIED,NOT_SUPPLIED,UNASSIGNED,pending-intake,,Structure-only review-queue placeholder; no source or medical content loaded.,NOT_APPROVED
B1-KU-142,NOT_SUPPLIED,NOT_SUPPLIED,NOT_SUPPLIED,UNASSIGNED,pending-intake,,Structure-only review-queue placeholder; no source or medical content loaded.,NOT_APPROVED
B1-KU-143,NOT_SUPPLIED,NOT_SUPPLIED,NOT_SUPPLIED,UNASSIGNED,pending-intake,,Structure-only review-queue placeholder; no source or medical content loaded.,NOT_APPROVED
B1-KU-144,NOT_SUPPLIED,NOT_SUPPLIED,NOT_SUPPLIED,UNASSIGNED,pending-intake,,Structure-only review-queue placeholder; no source or medical content loaded.,NOT_APPROVED
B1-KU-145,NOT_SUPPLIED,NOT_SUPPLIED,NOT_SUPPLIED,UNASSIGNED,pending-intake,,Structure-only review-queue placeholder; no source or medical content loaded.,NOT_APPROVED
B1-KU-146,NOT_SUPPLIED,NOT_SUPPLIED,NOT_SUPPLIED,UNASSIGNED,pending-intake,,Structure-only review-queue placeholder; no source or medical content loaded.,NOT_APPROVED
B1-KU-147,NOT_SUPPLIED,NOT_SUPPLIED,NOT_SUPPLIED,UNASSIGNED,pending-intake,,Structure-only review-queue placeholder; no source or medical content loaded.,NOT_APPROVED
B1-KU-148,NOT_SUPPLIED,NOT_SUPPLIED,NOT_SUPPLIED,UNASSIGNED,pending-intake,,Structure-only review-queue placeholder; no source or medical content loaded.,NOT_APPROVED
B1-KU-149,NOT_SUPPLIED,NOT_SUPPLIED,NOT_SUPPLIED,UNASSIGNED,pending-intake,,Structure-only review-queue placeholder; no source or medical content loaded.,NOT_APPROVED
B1-KU-150,NOT_SUPPLIED,NOT_SUPPLIED,NOT_SUPPLIED,UNASSIGNED,pending-intake,,Structure-only review-queue placeholder; no source or medical content loaded.,NOT_APPROVED
B1-KU-151,NOT_SUPPLIED,NOT_SUPPLIED,NOT_SUPPLIED,UNASSIGNED,pending-intake,,Structure-only review-queue placeholder; no source or medical content loaded.,NOT_APPROVED
B1-KU-152,NOT_SUPPLIED,NOT_SUPPLIED,NOT_SUPPLIED,UNASSIGNED,pending-intake,,Structure-only review-queue placeholder; no source or medical content loaded.,NOT_APPROVED
B1-KU-153,NOT_SUPPLIED,NOT_SUPPLIED,NOT_SUPPLIED,UNASSIGNED,pending-intake,,Structure-only review-queue placeholder; no source or medical content loaded.,NOT_APPROVED
B1-KU-154,NOT_SUPPLIED,NOT_SUPPLIED,NOT_SUPPLIED,UNASSIGNED,pending-intake,,Structure-only review-queue placeholder; no source or medical content loaded.,NOT_APPROVED
B1-KU-155,NOT_SUPPLIED,NOT_SUPPLIED,NOT_SUPPLIED,UNASSIGNED,pending-intake,,Structure-only review-queue placeholder; no source or medical content loaded.,NOT_APPROVED
B1-KU-156,NOT_SUPPLIED,NOT_SUPPLIED,NOT_SUPPLIED,UNASSIGNED,pending-intake,,Structure-only review-queue placeholder; no source or medical content loaded.,NOT_APPROVED
B1-KU-157,NOT_SUPPLIED,NOT_SUPPLIED,NOT_SUPPLIED,UNASSIGNED,pending-intake,,Structure-only review-queue placeholder; no source or medical content loaded.,NOT_APPROVED
B1-KU-158,NOT_SUPPLIED,NOT_SUPPLIED,NOT_SUPPLIED,UNASSIGNED,pending-intake,,Structure-only review-queue placeholder; no source or medical content loaded.,NOT_APPROVED
B1-KU-159,NOT_SUPPLIED,NOT_SUPPLIED,NOT_SUPPLIED,UNASSIGNED,pending-intake,,Structure-only review-queue placeholder; no source or medical content loaded.,NOT_APPROVED
B1-KU-160,NOT_SUPPLIED,NOT_SUPPLIED,NOT_SUPPLIED,UNASSIGNED,pending-intake,,Structure-only review-queue placeholder; no source or medical content loaded.,NOT_APPROVED
B1-KU-161,NOT_SUPPLIED,NOT_SUPPLIED,NOT_SUPPLIED,UNASSIGNED,pending-intake,,Structure-only review-queue placeholder; no source or medical content loaded.,NOT_APPROVED
B1-KU-162,NOT_SUPPLIED,NOT_SUPPLIED,NOT_SUPPLIED,UNASSIGNED,pending-intake,,Structure-only review-queue placeholder; no source or medical content loaded.,NOT_APPROVED
B1-KU-163,NOT_SUPPLIED,NOT_SUPPLIED,NOT_SUPPLIED,UNASSIGNED,pending-intake,,Structure-only review-queue placeholder; no source or medical content loaded.,NOT_APPROVED
B1-KU-164,NOT_SUPPLIED,NOT_SUPPLIED,NOT_SUPPLIED,UNASSIGNED,pending-intake,,Structure-only review-queue placeholder; no source or medical content loaded.,NOT_APPROVED
B1-KU-165,NOT_SUPPLIED,NOT_SUPPLIED,NOT_SUPPLIED,UNASSIGNED,pending-intake,,Structure-only review-queue placeholder; no source or medical content loaded.,NOT_APPROVED
B1-KU-166,NOT_SUPPLIED,NOT_SUPPLIED,NOT_SUPPLIED,UNASSIGNED,pending-intake,,Structure-only review-queue placeholder; no source or medical content loaded.,NOT_APPROVED
B1-KU-167,NOT_SUPPLIED,NOT_SUPPLIED,NOT_SUPPLIED,UNASSIGNED,pending-intake,,Structure-only review-queue placeholder; no source or medical content loaded.,NOT_APPROVED
B1-KU-168,NOT_SUPPLIED,NOT_SUPPLIED,NOT_SUPPLIED,UNASSIGNED,pending-intake,,Structure-only review-queue placeholder; no source or medical content loaded.,NOT_APPROVED
B1-KU-169,NOT_SUPPLIED,NOT_SUPPLIED,NOT_SUPPLIED,UNASSIGNED,pending-intake,,Structure-only review-queue placeholder; no source or medical content loaded.,NOT_APPROVED
B1-KU-170,NOT_SUPPLIED,NOT_SUPPLIED,NOT_SUPPLIED,UNASSIGNED,pending-intake,,Structure-only review-queue placeholder; no source or medical content loaded.,NOT_APPROVED
B1-KU-171,NOT_SUPPLIED,NOT_SUPPLIED,NOT_SUPPLIED,UNASSIGNED,pending-intake,,Structure-only review-queue placeholder; no source or medical content loaded.,NOT_APPROVED
B1-KU-172,NOT_SUPPLIED,NOT_SUPPLIED,NOT_SUPPLIED,UNASSIGNED,pending-intake,,Structure-only review-queue placeholder; no source or medical content loaded.,NOT_APPROVED
B1-KU-173,NOT_SUPPLIED,NOT_SUPPLIED,NOT_SUPPLIED,UNASSIGNED,pending-intake,,Structure-only review-queue placeholder; no source or medical content loaded.,NOT_APPROVED
B1-KU-174,NOT_SUPPLIED,NOT_SUPPLIED,NOT_SUPPLIED,UNASSIGNED,pending-intake,,Structure-only review-queue placeholder; no source or medical content loaded.,NOT_APPROVED
B1-KU-175,NOT_SUPPLIED,NOT_SUPPLIED,NOT_SUPPLIED,UNASSIGNED,pending-intake,,Structure-only review-queue placeholder; no source or medical content loaded.,NOT_APPROVED
B1-KU-176,NOT_SUPPLIED,NOT_SUPPLIED,NOT_SUPPLIED,UNASSIGNED,pending-intake,,Structure-only review-queue placeholder; no source or medical content loaded.,NOT_APPROVED
B1-KU-177,NOT_SUPPLIED,NOT_SUPPLIED,NOT_SUPPLIED,UNASSIGNED,pending-intake,,Structure-only review-queue placeholder; no source or medical content loaded.,NOT_APPROVED
B1-KU-178,NOT_SUPPLIED,NOT_SUPPLIED,NOT_SUPPLIED,UNASSIGNED,pending-intake,,Structure-only review-queue placeholder; no source or medical content loaded.,NOT_APPROVED
B1-KU-179,NOT_SUPPLIED,NOT_SUPPLIED,NOT_SUPPLIED,UNASSIGNED,pending-intake,,Structure-only review-queue placeholder; no source or medical content loaded.,NOT_APPROVED
B1-KU-180,NOT_SUPPLIED,NOT_SUPPLIED,NOT_SUPPLIED,UNASSIGNED,pending-intake,,Structure-only review-queue placeholder; no source or medical content loaded.,NOT_APPROVED
B1-KU-181,NOT_SUPPLIED,NOT_SUPPLIED,NOT_SUPPLIED,UNASSIGNED,pending-intake,,Structure-only review-queue placeholder; no source or medical content loaded.,NOT_APPROVED
B1-KU-182,NOT_SUPPLIED,NOT_SUPPLIED,NOT_SUPPLIED,UNASSIGNED,pending-intake,,Structure-only review-queue placeholder; no source or medical content loaded.,NOT_APPROVED
B1-KU-183,NOT_SUPPLIED,NOT_SUPPLIED,NOT_SUPPLIED,UNASSIGNED,pending-intake,,Structure-only review-queue placeholder; no source or medical content loaded.,NOT_APPROVED
B1-KU-184,NOT_SUPPLIED,NOT_SUPPLIED,NOT_SUPPLIED,UNASSIGNED,pending-intake,,Structure-only review-queue placeholder; no source or medical content loaded.,NOT_APPROVED
B1-KU-185,NOT_SUPPLIED,NOT_SUPPLIED,NOT_SUPPLIED,UNASSIGNED,pending-intake,,Structure-only review-queue placeholder; no source or medical content loaded.,NOT_APPROVED
B1-KU-186,NOT_SUPPLIED,NOT_SUPPLIED,NOT_SUPPLIED,UNASSIGNED,pending-intake,,Structure-only review-queue placeholder; no source or medical content loaded.,NOT_APPROVED
B1-KU-187,NOT_SUPPLIED,NOT_SUPPLIED,NOT_SUPPLIED,UNASSIGNED,pending-intake,,Structure-only review-queue placeholder; no source or medical content loaded.,NOT_APPROVED
B1-KU-188,NOT_SUPPLIED,NOT_SUPPLIED,NOT_SUPPLIED,UNASSIGNED,pending-intake,,Structure-only review-queue placeholder; no source or medical content loaded.,NOT_APPROVED
B1-KU-189,NOT_SUPPLIED,NOT_SUPPLIED,NOT_SUPPLIED,UNASSIGNED,pending-intake,,Structure-only review-queue placeholder; no source or medical content loaded.,NOT_APPROVED
B1-KU-190,NOT_SUPPLIED,NOT_SUPPLIED,NOT_SUPPLIED,UNASSIGNED,pending-intake,,Structure-only review-queue placeholder; no source or medical content loaded.,NOT_APPROVED
B1-KU-191,NOT_SUPPLIED,NOT_SUPPLIED,NOT_SUPPLIED,UNASSIGNED,pending-intake,,Structure-only review-queue placeholder; no source or medical content loaded.,NOT_APPROVED
B1-KU-192,NOT_SUPPLIED,NOT_SUPPLIED,NOT_SUPPLIED,UNASSIGNED,pending-intake,,Structure-only review-queue placeholder; no source or medical content loaded.,NOT_APPROVED
B1-KU-193,NOT_SUPPLIED,NOT_SUPPLIED,NOT_SUPPLIED,UNASSIGNED,pending-intake,,Structure-only review-queue placeholder; no source or medical content loaded.,NOT_APPROVED
B1-KU-194,NOT_SUPPLIED,NOT_SUPPLIED,NOT_SUPPLIED,UNASSIGNED,pending-intake,,Structure-only review-queue placeholder; no source or medical content loaded.,NOT_APPROVED
B1-KU-195,NOT_SUPPLIED,NOT_SUPPLIED,NOT_SUPPLIED,UNASSIGNED,pending-intake,,Structure-only review-queue placeholder; no source or medical content loaded.,NOT_APPROVED
B1-KU-196,NOT_SUPPLIED,NOT_SUPPLIED,NOT_SUPPLIED,UNASSIGNED,pending-intake,,Structure-only review-queue placeholder; no source or medical content loaded.,NOT_APPROVED
B1-KU-197,NOT_SUPPLIED,NOT_SUPPLIED,NOT_SUPPLIED,UNASSIGNED,pending-intake,,Structure-only review-queue placeholder; no source or medical content loaded.,NOT_APPROVED
B1-KU-198,NOT_SUPPLIED,NOT_SUPPLIED,NOT_SUPPLIED,UNASSIGNED,pending-intake,,Structure-only review-queue placeholder; no source or medical content loaded.,NOT_APPROVED
B1-KU-199,NOT_SUPPLIED,NOT_SUPPLIED,NOT_SUPPLIED,UNASSIGNED,pending-intake,,Structure-only review-queue placeholder; no source or medical content loaded.,NOT_APPROVED
B1-KU-200,NOT_SUPPLIED,NOT_SUPPLIED,NOT_SUPPLIED,UNASSIGNED,pending-intake,,Structure-only review-queue placeholder; no source or medical content loaded.,NOT_APPROVED
B1-KU-201,NOT_SUPPLIED,NOT_SUPPLIED,NOT_SUPPLIED,UNASSIGNED,pending-intake,,Structure-only review-queue placeholder; no source or medical content loaded.,NOT_APPROVED
B1-KU-202,NOT_SUPPLIED,NOT_SUPPLIED,NOT_SUPPLIED,UNASSIGNED,pending-intake,,Structure-only review-queue placeholder; no source or medical content loaded.,NOT_APPROVED
B1-KU-203,NOT_SUPPLIED,NOT_SUPPLIED,NOT_SUPPLIED,UNASSIGNED,pending-intake,,Structure-only review-queue placeholder; no source or medical content loaded.,NOT_APPROVED
B1-KU-204,NOT_SUPPLIED,NOT_SUPPLIED,NOT_SUPPLIED,UNASSIGNED,pending-intake,,Structure-only review-queue placeholder; no source or medical content loaded.,NOT_APPROVED
B1-KU-205,NOT_SUPPLIED,NOT_SUPPLIED,NOT_SUPPLIED,UNASSIGNED,pending-intake,,Structure-only review-queue placeholder; no source or medical content loaded.,NOT_APPROVED
B1-KU-206,NOT_SUPPLIED,NOT_SUPPLIED,NOT_SUPPLIED,UNASSIGNED,pending-intake,,Structure-only review-queue placeholder; no source or medical content loaded.,NOT_APPROVED
B1-KU-207,NOT_SUPPLIED,NOT_SUPPLIED,NOT_SUPPLIED,UNASSIGNED,pending-intake,,Structure-only review-queue placeholder; no source or medical content loaded.,NOT_APPROVED
B1-KU-208,NOT_SUPPLIED,NOT_SUPPLIED,NOT_SUPPLIED,UNASSIGNED,pending-intake,,Structure-only review-queue placeholder; no source or medical content loaded.,NOT_APPROVED
B1-KU-209,NOT_SUPPLIED,NOT_SUPPLIED,NOT_SUPPLIED,UNASSIGNED,pending-intake,,Structure-only review-queue placeholder; no source or medical content loaded.,NOT_APPROVED
B1-KU-210,NOT_SUPPLIED,NOT_SUPPLIED,NOT_SUPPLIED,UNASSIGNED,pending-intake,,Structure-only review-queue placeholder; no source or medical content loaded.,NOT_APPROVED
B1-KU-211,NOT_SUPPLIED,NOT_SUPPLIED,NOT_SUPPLIED,UNASSIGNED,pending-intake,,Structure-only review-queue placeholder; no source or medical content loaded.,NOT_APPROVED
B1-KU-212,NOT_SUPPLIED,NOT_SUPPLIED,NOT_SUPPLIED,UNASSIGNED,pending-intake,,Structure-only review-queue placeholder; no source or medical content loaded.,NOT_APPROVED
B1-KU-213,NOT_SUPPLIED,NOT_SUPPLIED,NOT_SUPPLIED,UNASSIGNED,pending-intake,,Structure-only review-queue placeholder; no source or medical content loaded.,NOT_APPROVED
B1-KU-214,NOT_SUPPLIED,NOT_SUPPLIED,NOT_SUPPLIED,UNASSIGNED,pending-intake,,Structure-only review-queue placeholder; no source or medical content loaded.,NOT_APPROVED
B1-KU-215,NOT_SUPPLIED,NOT_SUPPLIED,NOT_SUPPLIED,UNASSIGNED,pending-intake,,Structure-only review-queue placeholder; no source or medical content loaded.,NOT_APPROVED
B1-KU-216,NOT_SUPPLIED,NOT_SUPPLIED,NOT_SUPPLIED,UNASSIGNED,pending-intake,,Structure-only review-queue placeholder; no source or medical content loaded.,NOT_APPROVED
B1-KU-217,NOT_SUPPLIED,NOT_SUPPLIED,NOT_SUPPLIED,UNASSIGNED,pending-intake,,Structure-only review-queue placeholder; no source or medical content loaded.,NOT_APPROVED
B1-KU-218,NOT_SUPPLIED,NOT_SUPPLIED,NOT_SUPPLIED,UNASSIGNED,pending-intake,,Structure-only review-queue placeholder; no source or medical content loaded.,NOT_APPROVED
B1-KU-219,NOT_SUPPLIED,NOT_SUPPLIED,NOT_SUPPLIED,UNASSIGNED,pending-intake,,Structure-only review-queue placeholder; no source or medical content loaded.,NOT_APPROVED
B1-KU-220,NOT_SUPPLIED,NOT_SUPPLIED,NOT_SUPPLIED,UNASSIGNED,pending-intake,,Structure-only review-queue placeholder; no source or medical content loaded.,NOT_APPROVED
B1-KU-221,NOT_SUPPLIED,NOT_SUPPLIED,NOT_SUPPLIED,UNASSIGNED,pending-intake,,Structure-only review-queue placeholder; no source or medical content loaded.,NOT_APPROVED
B1-KU-222,NOT_SUPPLIED,NOT_SUPPLIED,NOT_SUPPLIED,UNASSIGNED,pending-intake,,Structure-only review-queue placeholder; no source or medical content loaded.,NOT_APPROVED
B1-KU-223,NOT_SUPPLIED,NOT_SUPPLIED,NOT_SUPPLIED,UNASSIGNED,pending-intake,,Structure-only review-queue placeholder; no source or medical content loaded.,NOT_APPROVED
B1-KU-224,NOT_SUPPLIED,NOT_SUPPLIED,NOT_SUPPLIED,UNASSIGNED,pending-intake,,Structure-only review-queue placeholder; no source or medical content loaded.,NOT_APPROVED
B1-KU-225,NOT_SUPPLIED,NOT_SUPPLIED,NOT_SUPPLIED,UNASSIGNED,pending-intake,,Structure-only review-queue placeholder; no source or medical content loaded.,NOT_APPROVED
B1-KU-226,NOT_SUPPLIED,NOT_SUPPLIED,NOT_SUPPLIED,UNASSIGNED,pending-intake,,Structure-only review-queue placeholder; no source or medical content loaded.,NOT_APPROVED
B1-KU-227,NOT_SUPPLIED,NOT_SUPPLIED,NOT_SUPPLIED,UNASSIGNED,pending-intake,,Structure-only review-queue placeholder; no source or medical content loaded.,NOT_APPROVED
B1-KU-228,NOT_SUPPLIED,NOT_SUPPLIED,NOT_SUPPLIED,UNASSIGNED,pending-intake,,Structure-only review-queue placeholder; no source or medical content loaded.,NOT_APPROVED
B1-KU-229,NOT_SUPPLIED,NOT_SUPPLIED,NOT_SUPPLIED,UNASSIGNED,pending-intake,,Structure-only review-queue placeholder; no source or medical content loaded.,NOT_APPROVED
B1-KU-230,NOT_SUPPLIED,NOT_SUPPLIED,NOT_SUPPLIED,UNASSIGNED,pending-intake,,Structure-only review-queue placeholder; no source or medical content loaded.,NOT_APPROVED
B1-KU-231,NOT_SUPPLIED,NOT_SUPPLIED,NOT_SUPPLIED,UNASSIGNED,pending-intake,,Structure-only review-queue placeholder; no source or medical content loaded.,NOT_APPROVED
B1-KU-232,NOT_SUPPLIED,NOT_SUPPLIED,NOT_SUPPLIED,UNASSIGNED,pending-intake,,Structure-only review-queue placeholder; no source or medical content loaded.,NOT_APPROVED
B1-KU-233,NOT_SUPPLIED,NOT_SUPPLIED,NOT_SUPPLIED,UNASSIGNED,pending-intake,,Structure-only review-queue placeholder; no source or medical content loaded.,NOT_APPROVED
B1-KU-234,NOT_SUPPLIED,NOT_SUPPLIED,NOT_SUPPLIED,UNASSIGNED,pending-intake,,Structure-only review-queue placeholder; no source or medical content loaded.,NOT_APPROVED
B1-KU-235,NOT_SUPPLIED,NOT_SUPPLIED,NOT_SUPPLIED,UNASSIGNED,pending-intake,,Structure-only review-queue placeholder; no source or medical content loaded.,NOT_APPROVED
B1-KU-236,NOT_SUPPLIED,NOT_SUPPLIED,NOT_SUPPLIED,UNASSIGNED,pending-intake,,Structure-only review-queue placeholder; no source or medical content loaded.,NOT_APPROVED
B1-KU-237,NOT_SUPPLIED,NOT_SUPPLIED,NOT_SUPPLIED,UNASSIGNED,pending-intake,,Structure-only review-queue placeholder; no source or medical content loaded.,NOT_APPROVED
B1-KU-238,NOT_SUPPLIED,NOT_SUPPLIED,NOT_SUPPLIED,UNASSIGNED,pending-intake,,Structure-only review-queue placeholder; no source or medical content loaded.,NOT_APPROVED
B1-KU-239,NOT_SUPPLIED,NOT_SUPPLIED,NOT_SUPPLIED,UNASSIGNED,pending-intake,,Structure-only review-queue placeholder; no source or medical content loaded.,NOT_APPROVED
B1-KU-240,NOT_SUPPLIED,NOT_SUPPLIED,NOT_SUPPLIED,UNASSIGNED,pending-intake,,Structure-only review-queue placeholder; no source or medical content loaded.,NOT_APPROVED
B1-KU-241,NOT_SUPPLIED,NOT_SUPPLIED,NOT_SUPPLIED,UNASSIGNED,pending-intake,,Structure-only review-queue placeholder; no source or medical content loaded.,NOT_APPROVED
B1-KU-242,NOT_SUPPLIED,NOT_SUPPLIED,NOT_SUPPLIED,UNASSIGNED,pending-intake,,Structure-only review-queue placeholder; no source or medical content loaded.,NOT_APPROVED
B1-KU-243,NOT_SUPPLIED,NOT_SUPPLIED,NOT_SUPPLIED,UNASSIGNED,pending-intake,,Structure-only review-queue placeholder; no source or medical content loaded.,NOT_APPROVED
B1-KU-244,NOT_SUPPLIED,NOT_SUPPLIED,NOT_SUPPLIED,UNASSIGNED,pending-intake,,Structure-only review-queue placeholder; no source or medical content loaded.,NOT_APPROVED
B1-KU-245,NOT_SUPPLIED,NOT_SUPPLIED,NOT_SUPPLIED,UNASSIGNED,pending-intake,,Structure-only review-queue placeholder; no source or medical content loaded.,NOT_APPROVED
B1-KU-246,NOT_SUPPLIED,NOT_SUPPLIED,NOT_SUPPLIED,UNASSIGNED,pending-intake,,Structure-only review-queue placeholder; no source or medical content loaded.,NOT_APPROVED
B1-KU-247,NOT_SUPPLIED,NOT_SUPPLIED,NOT_SUPPLIED,UNASSIGNED,pending-intake,,Structure-only review-queue placeholder; no source or medical content loaded.,NOT_APPROVED
B1-KU-248,NOT_SUPPLIED,NOT_SUPPLIED,NOT_SUPPLIED,UNASSIGNED,pending-intake,,Structure-only review-queue placeholder; no source or medical content loaded.,NOT_APPROVED
B1-KU-249,NOT_SUPPLIED,NOT_SUPPLIED,NOT_SUPPLIED,UNASSIGNED,pending-intake,,Structure-only review-queue placeholder; no source or medical content loaded.,NOT_APPROVED
B1-KU-250,NOT_SUPPLIED,NOT_SUPPLIED,NOT_SUPPLIED,UNASSIGNED,pending-intake,,Structure-only review-queue placeholder; no source or medical content loaded.,NOT_APPROVED
B1-KU-251,NOT_SUPPLIED,NOT_SUPPLIED,NOT_SUPPLIED,UNASSIGNED,pending-intake,,Structure-only review-queue placeholder; no source or medical content loaded.,NOT_APPROVED
B1-KU-252,NOT_SUPPLIED,NOT_SUPPLIED,NOT_SUPPLIED,UNASSIGNED,pending-intake,,Structure-only review-queue placeholder; no source or medical content loaded.,NOT_APPROVED
B1-KU-253,NOT_SUPPLIED,NOT_SUPPLIED,NOT_SUPPLIED,UNASSIGNED,pending-intake,,Structure-only review-queue placeholder; no source or medical content loaded.,NOT_APPROVED
B1-KU-254,NOT_SUPPLIED,NOT_SUPPLIED,NOT_SUPPLIED,UNASSIGNED,pending-intake,,Structure-only review-queue placeholder; no source or medical content loaded.,NOT_APPROVED
B1-KU-255,NOT_SUPPLIED,NOT_SUPPLIED,NOT_SUPPLIED,UNASSIGNED,pending-intake,,Structure-only review-queue placeholder; no source or medical content loaded.,NOT_APPROVED
B1-KU-256,NOT_SUPPLIED,NOT_SUPPLIED,NOT_SUPPLIED,UNASSIGNED,pending-intake,,Structure-only review-queue placeholder; no source or medical content loaded.,NOT_APPROVED
B1-KU-257,NOT_SUPPLIED,NOT_SUPPLIED,NOT_SUPPLIED,UNASSIGNED,pending-intake,,Structure-only review-queue placeholder; no source or medical content loaded.,NOT_APPROVED
B1-KU-258,NOT_SUPPLIED,NOT_SUPPLIED,NOT_SUPPLIED,UNASSIGNED,pending-intake,,Structure-only review-queue placeholder; no source or medical content loaded.,NOT_APPROVED
B1-KU-259,NOT_SUPPLIED,NOT_SUPPLIED,NOT_SUPPLIED,UNASSIGNED,pending-intake,,Structure-only review-queue placeholder; no source or medical content loaded.,NOT_APPROVED
B1-KU-260,NOT_SUPPLIED,NOT_SUPPLIED,NOT_SUPPLIED,UNASSIGNED,pending-intake,,Structure-only review-queue placeholder; no source or medical content loaded.,NOT_APPROVED
B1-KU-261,NOT_SUPPLIED,NOT_SUPPLIED,NOT_SUPPLIED,UNASSIGNED,pending-intake,,Structure-only review-queue placeholder; no source or medical content loaded.,NOT_APPROVED
B1-KU-262,NOT_SUPPLIED,NOT_SUPPLIED,NOT_SUPPLIED,UNASSIGNED,pending-intake,,Structure-only review-queue placeholder; no source or medical content loaded.,NOT_APPROVED
B1-KU-263,NOT_SUPPLIED,NOT_SUPPLIED,NOT_SUPPLIED,UNASSIGNED,pending-intake,,Structure-only review-queue placeholder; no source or medical content loaded.,NOT_APPROVED
B1-KU-264,NOT_SUPPLIED,NOT_SUPPLIED,NOT_SUPPLIED,UNASSIGNED,pending-intake,,Structure-only review-queue placeholder; no source or medical content loaded.,NOT_APPROVED
B1-KU-265,NOT_SUPPLIED,NOT_SUPPLIED,NOT_SUPPLIED,UNASSIGNED,pending-intake,,Structure-only review-queue placeholder; no source or medical content loaded.,NOT_APPROVED
B1-KU-266,NOT_SUPPLIED,NOT_SUPPLIED,NOT_SUPPLIED,UNASSIGNED,pending-intake,,Structure-only review-queue placeholder; no source or medical content loaded.,NOT_APPROVED
B1-KU-267,NOT_SUPPLIED,NOT_SUPPLIED,NOT_SUPPLIED,UNASSIGNED,pending-intake,,Structure-only review-queue placeholder; no source or medical content loaded.,NOT_APPROVED
B1-KU-268,NOT_SUPPLIED,NOT_SUPPLIED,NOT_SUPPLIED,UNASSIGNED,pending-intake,,Structure-only review-queue placeholder; no source or medical content loaded.,NOT_APPROVED
B1-KU-269,NOT_SUPPLIED,NOT_SUPPLIED,NOT_SUPPLIED,UNASSIGNED,pending-intake,,Structure-only review-queue placeholder; no source or medical content loaded.,NOT_APPROVED
